article,entry_links,exit_links,images,issues,notes,references,seeAlso,pagerank!Kung people,133,54,0,1,0,15,0,5Acid,497,322,13,1,0,3,0,6Africa Day,147,115,2,0,0,3,0,5African music,287,508,19,0,0,15,0,5Agriculture in South Africa,175,144,11,0,0,16,3,6AIDS orphan,211,178,2,0,0,5,1,5Alcohol abuse,407,429,9,0,0,66,2,5Alcohol dependence,245,343,2,0,12,12,5,5Alcoholism,498,894,16,0,0,175,8,6Aloe,371,174,44,1,0,18,3,5Aloe vera,173,145,11,0,0,63,4,5Animal husbandry,487,116,4,1,0,4,14,6Animal husbandry in South Africa,5,31,3,2,0,4,0,0Animal-powered transport,198,113,3,0,0,0,16,5Apartheid,495,1497,32,0,0,187,0,6Atom,498,905,28,0,2,141,0,7Automobile,496,1060,31,1,0,72,0,6Base (chemistry),485,137,1,1,0,12,5,6Bias,423,136,3,4,0,10,0,6Bicycle,483,549,58,0,0,119,0,6Bill of Rights (South Africa),18,208,4,0,0,4,0,6Biome,457,226,13,2,0,11,0,6Bird nest,494,424,36,0,0,107,1,5Boiling,403,121,5,1,0,8,4,6Borehole,310,123,4,0,0,5,4,5Bullying,486,586,2,2,0,90,1,6Castle of Good Hope,109,59,16,0,1,10,3,5Cell (biology),498,637,26,0,0,29,0,6Ceramic,499,146,12,0,0,11,5,6Child abuse,493,622,9,0,0,202,0,6Children's Act (South Africa),1,24,1,0,0,0,0,4Children's Day,258,435,33,0,0,52,3,6Circuit diagram,158,53,12,1,0,9,0,6Clay,499,208,12,0,0,7,0,6Climate,500,847,23,0,0,51,16,6Coal,500,708,34,0,0,141,0,6Coal in South Africa,103,154,8,0,0,25,2,4Control variable,17,16,1,1,0,1,0,4Convenience food,148,160,10,0,0,34,0,5Cooking,485,923,19,1,0,37,0,6Cradle of Humankind,113,79,5,0,0,7,0,5Decanting,7,16,5,0,0,0,0,5Dependent and independent variables,263,50,3,1,0,16,1,6Design,490,418,11,1,0,36,1,6Discrimination,491,853,30,4,0,137,40,6Domestic violence,493,1061,35,1,8,351,5,6Domestic violence in South Africa,78,41,8,0,0,22,0,0Drakensberg,402,247,19,0,0,19,2,5Duration (music),98,339,4,0,0,2,1,5Economy of South Africa,431,513,16,1,0,111,0,6Ecosystem,497,793,32,0,1,46,8,6Electrical conductor,398,164,6,1,0,2,0,6Electrical network,408,143,5,1,0,0,31,6Electricity generation,487,347,24,1,0,22,0,6Energy in South Africa,106,85,5,0,0,19,0,4Fair trade,475,689,18,2,0,169,4,6Farm,490,217,23,1,0,27,0,6Fiber,481,367,7,1,0,9,0,6Fire safety,342,234,6,4,0,8,12,5Flag of South Africa,364,170,22,0,0,10,0,6Food,499,1349,61,0,93,93,0,6Food groups,24,68,4,0,0,10,1,4Food pyramid (nutrition),21,150,16,0,0,41,3,0Food security,462,511,35,1,0,133,0,6Food vs. fuel,336,365,7,0,0,145,0,5Frances Baard,13,46,0,0,0,7,0,5Free State (province),391,265,17,0,0,4,1,5Freedom Day (South Africa),38,24,3,0,0,2,7,5Gana and Gwi people,10,15,1,3,0,0,2,0Gangster,436,339,19,1,0,53,0,5Gauteng,499,377,20,0,0,73,0,6Gender stereotypes,62,501,41,4,0,185,0,6Glass,497,740,91,1,0,57,12,6Griqua people,261,141,11,0,0,8,3,5Hand washing,259,362,20,0,0,64,11,5Health,480,235,12,1,0,43,1,6Health care in South Africa,100,290,5,0,26,26,8,6Herero and Namaqua Genocide,257,333,25,1,0,88,0,5Heritage Day (South Africa),32,36,3,0,0,5,0,5History of South Africa,371,929,76,8,0,159,15,6History of writing,406,915,12,0,2,37,0,6HIV,497,883,27,0,0,124,0,6HIV/AIDS,493,1326,32,0,0,265,0,6Home safety,3,11,0,1,0,4,2,4Hottentot Venus,12,134,20,1,0,59,0,5Human nutrition,241,887,10,2,0,95,0,5Human Rights Day,208,85,7,0,0,19,5,5Human swimming,500,275,17,0,0,23,0,5Hydraulics,487,133,8,0,9,9,7,6Insulator (electricity),354,241,24,0,9,9,0,6Khoikhoi,342,71,12,1,0,9,0,5Khoikhoi mythology,90,202,2,0,0,27,0,5Later Stone Age,63,333,4,0,0,7,0,5Latitude,494,285,24,2,0,16,18,6Liquid fuel,68,104,3,1,0,3,0,5List of South Africans,132,1033,66,1,0,2,6,6Longitude,483,527,10,0,0,11,18,6Mahatma Gandhi,496,2296,68,1,0,275,5,6Malaria,499,981,31,0,0,190,0,6Mandela Day,100,104,3,0,0,6,0,5Map,492,412,21,0,0,6,0,6Mapungubwe,35,292,19,0,11,11,11,5Mapungubwe Museum,49,64,7,0,0,1,0,5Mapungubwe National Park,35,101,7,0,0,9,1,4Mining industry of South Africa,149,189,8,1,0,27,1,6Mpumalanga,492,261,9,0,0,9,1,5Music of South Africa,368,404,2,2,0,12,4,6National anthem of South Africa,114,124,1,0,0,6,5,5National symbols of South Africa,110,31,12,0,0,9,5,4National Women's Day,55,44,4,0,0,4,3,5Nelson Mandela,500,1315,58,0,0,401,0,6Nest,429,126,16,0,0,11,3,5Noise pollution,401,246,10,0,0,25,6,5Oliver Tambo,284,195,4,1,13,13,0,6Outer space,478,839,32,0,0,139,0,6Outline of domestic violence,184,326,2,0,0,65,9,5Paper,498,781,10,0,0,26,26,6People Against Gangsterism and Drugs,258,342,5,0,0,8,0,5Petrol-paraffin engine,12,45,9,1,0,8,0,3Pitch (music),496,303,5,1,0,23,17,6Pneumatics,329,121,2,0,1,1,4,5Politics of South Africa,475,560,9,1,0,3,0,6Pollution,495,641,24,0,0,54,1,6Rail transport,499,745,57,0,1,49,0,6Rail transport in South Africa,451,157,6,0,0,14,15,4Reconciliation Day,1,31,1,0,0,2,0,5Reproduction,469,288,7,0,20,20,7,6Republic of South Africa,311,1863,86,1,1,181,0,7Right to food,134,336,13,0,0,69,0,6Road map,37,70,12,0,0,7,1,4Rock (geology),493,224,18,0,0,11,0,6San healing practices,11,6,0,1,0,10,1,0San languages,32,182,1,0,5,5,0,6San people,262,301,15,0,0,89,10,6San religion,113,202,2,0,0,27,0,0San rock art,12,20,2,0,9,9,9,0Sand,494,380,21,7,0,10,0,6Scale (map),152,64,22,2,0,6,0,5Scientific method,486,1067,26,2,162,162,36,6Settling,77,43,6,0,0,5,5,5Sexism,481,1319,41,1,0,308,43,6Sieving,18,30,8,1,0,6,0,5Soil,496,880,48,0,0,216,0,6Sound,493,253,13,0,0,8,25,6South African cuisine,496,706,23,1,0,0,0,6South African locomotive history,351,1593,341,0,0,30,2,0Standard Model,448,780,11,1,0,39,0,6Stereotype,486,681,15,1,0,83,37,6Steve Biko,452,497,4,0,0,42,4,6Tap (valve),126,74,15,1,0,2,0,5Textile,498,730,28,0,0,23,18,6Trade,499,428,18,0,50,50,0,6Transport,491,1007,42,0,33,33,0,6Transport in South Africa,173,348,9,0,0,6,0,6Two foot gauge railways in South Africa,39,150,4,0,0,40,0,3Vibration,439,223,25,1,0,9,34,6Walter Sisulu,254,220,3,0,0,10,0,6Water filter,101,69,5,1,0,10,9,5Water pollution,472,635,38,0,0,42,0,6Water privatization in South Africa,7,22,0,0,0,6,1,3Water supply and sanitation in South Africa,55,116,11,0,0,67,4,4Water well,495,250,38,0,0,12,6,6Wax,493,339,17,0,0,6,1,5Western Cape,495,415,27,2,0,28,0,6Wetlands,497,523,24,0,0,80,0,6Wildlife conservation,491,212,5,0,0,16,4,5Wildlife management,356,280,5,0,0,20,0,5Winnie Madikizela-Mandela,427,338,5,2,0,43,1,6Wood,500,1088,39,1,0,26,0,6Wool,500,665,37,0,0,40,37,6Youth culture,149,35,4,1,0,30,10,5